名字,会员级别,评论内容,评论时间,点赞数,评论数,评价星级
H***o,银牌会员,"给妈妈买的手机，写几点真是体会可能会帮到正在看评论的你：
1.手机盒上的手机颜色与手机颜色不一致，可能都是这样，所有颜色手机盒子上都是蓝色；
2.手机铃声并不小，开到最大都可以轻易听得见，我也录了来电时响铃的视频供参考(本来看评论还担心手机音量小),
3.手机打电话声音也很大，但是确实声音生硬不好听(不知道是不是新喇叭像耳机一样需要煲机的缘故)；
4.新款的这个特别轻，质量、做工给我的感觉是这个品牌已经完全不是以前的诺基亚了，整个手机像个玩具而不精致；
5.操作上还是很不方便的，首先手机带手电筒，但是需要在手机设置里找到之后才能打开，侧面并没有独立按键；其次，打电话的时候不能右键直接开免提，需要左键在二级菜单里往最下找才能发现，很不方便；后盖盖上很松动；
6.此款手机功能上有收音机，必须插耳机才可以用，但是没有附送耳机，如果想要使用收音机功能还要自己配一个耳机。

总结：如果你还想找回以前诺基亚带给你的那种感觉，那么它多多少少会让你有些失望，如果是家里有用不习惯智能机的爸爸妈妈，并且他们眼睛还要好使的情况下，这款手机或者说诺基亚这个品牌仍然还是不二之选。",2017-11-02 19:46:19,310,72,3
田***子,银牌会员,"总体来说还不错，学生时代第一款、第二款手机都是诺基亚。现在虽然用的是苹果，但仍怀念诺基亚时代。做为备用手机绝对是不二的选择，100元左右的手机绝对不能与此手机相提并论，无论是操作感和显示都不是一个级别的。买的是一种怀、一种情愫、一种信仰。虽然质量看上去、摸上去不如从前，但大品牌的东西不会错。最后希望NOKIA越来越好！
上图吧，啥也不说了。说多了都是泪。",2018-03-08 22:53:22,1,0,5
j***1,金牌会员,用的是情怀，一如既往的好,2017-11-04 21:14:45,26,7,5
卡***子,PLUS会员,这手机挺省电的，但不知道我没弄懂还是它压根就换不了壁纸。买来治疗看十分钟书，玩半小时手机这种慢性病的。,2018-01-10 11:18:47,25,7,5
我***4,银牌会员,不错，手机买回来用备用机，挺好的，诺基亚老牌子，刚开始用的第一款手机，老情怀了，快递也快，服务也好，赞！！！！！,2018-03-09 16:01:17,0,0,5
baicgxz,钻石会员,简单实用，按键软软的，很不错的东东，用的是情怀，绝对的经典。就是不知道发票哪去了，还有就是好像不是诺基亚生产的（生产地越南），不过上网查了，是正品。用一段时间再追评,2018-02-23 15:05:19,1,1,5
j***n,银牌会员,手机通话还可以，详情上说有网络，怎么没有找到？,2018-03-01 18:45:43,1,0,5
j***5,PLUS会员,很喜欢，很棒，就为了待机和轻便，刚刚好满足我的要求！,2017-12-05 08:29:56,8,6,5
昔***使,银牌会员,哈哈?，还有密码锁，厉害啦！感觉都挺好，就是那个手电筒的快捷开关不是很灵敏。拿来当手电筒？嘻嘻,2018-02-05 17:39:48,5,2,5
-***-,铜牌会员,手机晚上拍的第二天下午就收到了，小巧方便，还有超级的待机能力，是我想要的。,2018-03-07 09:30:00,1,0,5
我***奶,银牌会员,怎么做手机帮同事买的，给父母的老年人吗，一能简单实用就可以,2018-03-09 08:23:11,0,0,5
滑***意,银牌会员,物流快。手机拿在手里手感不错。其他的还没试。,2018-03-08 12:53:27,0,0,5
j***6,金牌会员,很好！老太太很喜欢?,2018-03-08 16:05:42,0,0,5
价***宜,PLUS会员,很好好强大，哈哈,2018-03-07 11:21:02,0,0,5
亲***为,PLUS会员,经典诺基亚。不朽的传奇。不知道待机时间怎么样？用了几个月才回来评价吧。,2017-10-13 21:52:08,22,0,5
j***5,金牌会员,老人家一直用这种手机，一百多块用上几年挺划算的。这也算新款了，看上去做工还是不错，应该是正品，相信京东！,2017-10-25 10:40:07,11,0,5
jd_176854mav,铜牌会员,挺好的，升级版诺基亚，电池不知道耐不耐用,2018-03-09 12:49:13,0,0,5
j***8,金牌会员,很好，很强大！?,2017-12-19 13:46:28,1,1,5
a***n,钻石会员,买来给老人用的，功能不多但是完全够用，续航时间非常长，非常好的一款手机,2018-03-05 20:05:50,1,0,5
紫***蓝,银牌会员,刚刚收到，看着还好，不知用着怎么样？希望能用的久点！！！,2018-03-07 16:21:10,0,0,5
j***g,钻石会员,新款很漂亮，携带方便，符合逾期，本来想买3310，总没灰色的货，新105也很好还便宜。,2017-08-16 13:01:11,11,12,5
1***m,金牌会员,手机不错，适合给读书的小孩使用。,2018-03-07 17:37:59,0,0,5
多***5,PLUS会员,东西很好，物流很快，下次还买,2017-12-28 22:34:59,1,0,5
z***3,钻石会员,现在诺基亚都越南产了！给爸爸买的。用的也许就是个情节吧。简单好上手！,2018-03-05 12:06:15,1,0,5
l***0,PLUS会员,依旧经典如初，做备用机很好，电池续航时间长。,2018-03-08 15:27:10,0,0,5
j***y,金牌会员,手机收到了，感觉有点小，质量要用了才知道,2018-03-09 07:08:29,0,0,5
俊***7,银牌会员,老妈用了几天感觉不错,2018-03-05 01:30:49,1,0,5
心***念,PLUS会员,经典的诺基亚老年机，结实耐用，充满一次点待机可达一周左右，作为备用机和应急用，住够了，没有多大功能，通话短息就可以，就是按键的不太熟悉了，不知道什么时候出新机,2018-03-08 07:34:48,0,0,5
蓝***风,PLUS会员,说好的昨天到，结果还是今天到了。用着还行，没打电话。不知道音质怎么样，后续用用再说。,2018-03-08 18:54:09,0,0,5
4***5,银牌会员,买给我外婆的，她之前的坏了，功能机还是诺基亚的耐用吧，先用一段时间观察观察。,2018-03-05 14:42:04,1,0,5
G***C,PLUS会员,正品无疑 机器就是小点 诺基亚手机操作与它机区别较大,2018-03-07 15:09:28,0,0,5
j***f,银牌会员,我才拿到，以后追评吧物流特别快，特别快，只是货存有味道，也许是正常的吧！,2018-03-07 18:50:10,0,0,5
j***9,PLUS会员,这手机相当不错啊，能打电话发短信，真不错。,2018-02-27 22:18:59,1,0,5
2***9,银牌会员,手机小巧通话音量大，最主要的是质量好，续航时间长，满满的诺基亚情怀！,2018-03-08 22:46:29,0,0,5
口***山,PLUS会员[试用],轻便，对于不用微信的老年人来说是非常有用的手机。,2018-03-04 14:23:26,0,0,5
m***y,钻石会员,诺基亚，买给老爸用的，很小巧。京东老顾客了，喜欢京东。,2018-03-05 12:43:29,1,0,5
j***1,金牌会员,不错，手感挺好的，也比较轻，物有所值，下次还会选择的！,2018-03-02 13:21:22,1,0,5
j***p,钻石会员,为了不让孩子上网专门买给孩子用的，希望诺基亚能像以前一样的好用,2018-03-07 09:58:20,0,0,5
酒***殇,银牌会员,东西收到了，经典诺基亚当备用机用，声音还可以，通话也挺清楚！,2018-03-06 21:46:52,0,0,5
z***m,企业会员,这个手机吧，小巧，然后还是双卡双待，电池耐用，挺好的,2018-03-07 09:36:51,0,0,5
A***家,钻石会员,诺基亚的品质  值得信赖  备用机   还挺好看的,2018-03-07 12:49:38,0,0,5
卤***-,金牌会员,一种情怀，手机电池超级耐用，通话也不错,2018-03-09 15:52:05,0,0,5
快***秘,金牌会员,老人机一直用诺基亚，还是还念,2018-03-09 07:07:42,1,0,5
不***子,PLUS会员,东西还好，感觉有点轻,2018-02-11 07:12:54,0,0,5
時***念,银牌会员,还行，挺美观的，当个备用机用挺好的,2018-03-08 09:47:12,0,0,5
l***9,钻石会员,买比家里的老人用！经典！,2018-03-08 08:16:20,0,1,5
j***1,金牌会员,经典款的。宝贝很好。,2018-03-09 11:17:57,0,0,5
不***哦,PLUS会员,东西不错，总体还算满意；物流也挺快，没几天就到了；客服态度不错，咨询了回答的很仔细，总体满意的,2018-03-05 19:53:53,1,0,5
小***糖,金牌会员,买来解救手机依赖症，感觉生活变的简单了，虽然没有音乐和拍照功能，但收音机里经常能听到音乐，真的很好。,2018-02-28 20:33:15,1,0,5
1***p,银牌会员,小巧 很漂亮 手感不错  大品牌质量靠的住,2018-03-07 17:28:54,0,0,5
皮***丶,PLUS会员,给家里老人买的手机，看着很不错，相信诺基亚品牌，先用一段时间再评论,2018-03-08 08:22:33,1,0,5
j***m,PLUS会员,手机到货及时，跟预想的一样，音量也可以，通话清晰，值得拥有！,2018-03-05 17:02:59,1,0,5
j***2,钻石会员,新诺基亚（NOKIA）105 黑色 直板按键 移动联通2G手机 老人手机 学生备用功能机,2018-03-08 21:49:34,0,0,5
w***3,PLUS会员,东西很快就到了，用过一段时间才评价的，品质有保证，非常适合老年人使用,2018-03-06 17:40:30,0,0,5
s***y,PLUS会员,买来就为了接打电话的！很不错！诺基亚老牌子！信得过！,2018-03-06 11:15:32,1,0,5
里***流,银牌会员,还不错信赖诺基亚速度也很快只是送的卡激活失败了营业厅也处理不来其他都挺好,2018-03-08 11:43:38,0,0,5
小***头,PLUS会员,老年机。就接打个电话。诺基亚质量还是放心的,2018-03-05 13:26:48,1,0,5
是***子,钻石会员,刚拿到手，续航什么的还要以后用了才知道，给小孩用的。,2018-03-06 19:53:03,0,0,5
j***y,金牌会员,"超棒。朋友推荐的,留着备用的手机。诺基亚是首选啊………………",2018-03-09 10:17:50,0,0,5
j***9,PLUS会员,功能够用，就是中间的按键有时会按错了！总的来说是个好机器！待机时间超长，有种久违的感觉。,2018-03-09 15:50:13,0,0,5
j***x,PLUS会员[试用],老妈很喜欢，老品牌值得信赖,2018-03-07 17:08:48,0,0,5
z***0,银牌会员,很小喜欢，还没开始用，老公让那买的，说用电量就,2018-03-07 19:24:46,0,0,5
小***皮,银牌会员,挺好用的，但是有时候会自动关机不知道为什么？,2018-03-09 06:56:44,0,0,5
_***K,PLUS会员,东西可以的买了第二个了。,2018-03-07 15:33:23,0,0,5
官***命,钻石会员,还可以，老牌子了，值得信赖！老年机很不错了,2018-03-08 19:48:44,0,0,5
g***t,钻石会员,不错的手机，家里老人一直再用。给孩子买一个,2018-03-07 21:56:59,0,0,5
j***a,银牌会员,手机速度可以，就是铃声太少，通话音量不大。,2018-03-06 16:12:26,0,0,5
j***K,银牌会员,"这个手机是买给爷爷奶奶的 但是真的很不适合给老人用。
本来打算退货，但是因为是过年期间不方便，然后也过了时间了就没退了。因为按键太小，键盘也太小，老人家根本看不清楚。而且手机的铃声也不大。打电话也不会报号码。如果给学生用应该还是可以。但是给老人家用真心不合适。",2018-03-04 11:57:27,0,1,3
淡***-,PLUS会员,手机非常好用，按键舒服，声音也比较大，待机时间长，操作简单上手，除接打电话外没有其它多余的功能，非常适合老年人使用，非常满意的一次购物！,2018-03-07 16:07:39,0,0,5
5***凯,银牌会员,主要屏幕太小。老人使用不太方便。,2018-03-08 09:45:23,0,0,5
j***7,注册会员,老牌子值得心来。还是诺基亚顺手,2018-03-09 17:39:40,0,0,5
j***d,企业会员,送货很快，京东物流和商品都点赞,2018-03-07 10:31:44,0,0,5
小***2,铜牌会员,很漂亮，送人用的，小巧方便,2018-03-09 07:13:31,0,0,5
j***1,钻石会员,给孩子，轻巧耐久，比较合适,2018-03-08 06:27:34,0,0,5
y***g,PLUS会员,买给老爸用的，已经第四台了，价格便宜了没当年的耐用，基本上两年就坏，但用习惯了，还是买诺基亚。京东快递就是快，12小时内到货。,2018-03-09 08:38:10,0,0,5
j***m,银牌会员,刚买回来，目前还可以。,2018-03-07 21:30:56,0,0,5
波***爸,PLUS会员,还不错，挺好用的,2018-03-08 23:44:30,0,0,5
9***财,钻石会员,手感不错老人家喜欢。,2018-03-08 08:46:44,0,0,5
j***c,铜牌会员,太棒了，上午九点过买的下午三点多就到了，就四个小时，国产良心诺基亚没让我失望啊，学校交手机，想联系家长都很方便，适合学生用。????,2018-03-08 14:08:11,0,0,5
j***z,金牌会员,不错很适合老人孩子,2018-03-09 15:55:33,0,0,5
醉***生,钻石会员,很不错，备用手机，续航应该是可以的，小巧可爱，不占空间，我很喜欢。经典,2018-03-06 18:47:56,0,0,5
m***0,PLUS会员,找回了当年学生时代的自己，看到里面还有贪吃蛇，简直就是回忆杀！质量没得说，诺基亚其实也可以开辟出另一个领域的,2018-03-06 23:22:22,0,0,5
j***d,铜牌会员,刚回来插所有卡都显示无卡，现在充电没用，贼厉害,2017-12-03 14:54:43,1,1,1
伟***学,金牌会员,买给老爸的通话机  原来的手机被老爸用洗衣机洗了半天开不开了  老爸打电话爱用这种手机因为不乱收费  再买个智能机不装卡玩,2018-03-06 18:22:33,0,0,5
进***喵,PLUS会员,给奶奶买的，但是，奶奶说声音好小，调到最大都声音好小。。。。。。不算是个正经的老人机吧。。。。。。,2018-03-08 08:57:16,0,0,5
陈***净,PLUS会员,一直都使用这种简约版手机，干了这个行业特别费 手机属这个诺基亚最用的住 已经买了 不下十块了,2018-03-09 20:58:12,0,0,5
j***5,钻石会员,做工很好，手机小巧玲珑，信号好，通话声音清晰，做为备用机非常满意！京东快递超好，凌晨下单，下午四点钟就送到了。,2018-03-09 21:10:58,0,0,5
t***d,金牌会员,京东快递速度很快，手机很轻巧，做备用机很合适。,2018-03-09 10:36:04,0,0,5
真***用,PLUS会员,"现在基本啥都京东上买了，速度快，不耽误用，好评
买来当备用机的，诺基亚做这个还是杠杠的",2018-03-09 23:47:43,0,0,5
j***v,银牌会员,外观造型经典，黑色非常有科技感，声音很清脆 清晰，本人比较满意。因为没有大卡，还没有使用，后续会持续评价。,2018-03-07 06:19:30,0,0,5
l***t,PLUS会员,给阿爸妈妈买的老年手机 方便快捷 价格优惠 质量值得信赖 一直再京东购买 值得信赖哦,2018-03-09 20:47:16,0,0,5
阿***儿,PLUS会员,品质还是很好，给亲戚买的，除了铃声比较小之外都挺好的，不过也可以接受，性价比很高！,2018-03-09 09:20:39,0,0,5
j***z,银牌会员,小巧拿着手感非常好 ，电池用个一星期左右吧,2018-03-08 09:29:12,0,0,5
我***g,铜牌会员,给妈妈买的，小巧方便。妈妈说还不错?再用再评。谢谢快递小哥不辞辛苦 送到家。人生第一次这么认真评论。,2018-03-08 20:06:19,0,0,5
s***_,PLUS会员,电池耐用，好用,2018-03-07 08:13:50,0,0,5
j***g,铜牌会员,很小巧玲珑很精致，携带方便，通话质量清楚,2018-03-06 21:41:23,0,0,5
j***、,银牌会员,买来给家里老人用的，就是声音还是稍微小了一点，如果字再大一点就好了，不过，拿来当备用机还是可以用的,2018-03-09 11:51:42,0,0,5
f***0,银牌会员,诺基亚做工质量肯定没问题。机子是越南产的，部分功能取消了，操作系统跟之前的也略有不同，慢慢习惯吧。,2018-03-06 16:08:33,0,0,5
j***r,PLUS会员,因为快递小哥的疏忽，晚了几天收到。商家服务不错，客服挺好，老爸也觉得好用,2018-03-06 17:23:01,0,0,5
b***4,银牌会员,很棒，摔一下就变3块了，哈哈，和多年前用的一个样子，非常怀念，拿出来接电话也是非常上档次！,2018-03-08 17:19:54,0,0,5
李***浩,钻石会员,新诺基亚（NOKIA）105 黑色 直板按键 移动联通2G手机 老人手机 学生备用功能机,2018-03-09 11:08:31,0,0,5
洋***y,PLUS会员,还是很不错的，盒子也很mini，老年人用，希望质量还是当年的诺基亚,2018-03-06 21:10:00,0,0,5
j***v,银牌会员,给老妈买的，选了很多功能机，最后还是选择诺基亚，品牌在那，京东物流也给力，总的好评。,2018-03-06 16:38:38,0,0,5
j***e,金牌会员,父母一直在用，省电，省事，省心，适合老人用，感谢快递，昨天晚上下单，今天中午到货。,2018-03-09 22:30:56,0,0,5
好***懂,PLUS会员,我买的这个手机待机还可以，就是爱自动关机。然后就去换货，结果一晃就是29天也没有好，我可是你们的京东钻石会员，我还是交费的会员PL。你们这样不讲信用对得起消费者吗？ 100块钱的手机有这个必要吗？你们这样做会失去我对京东这么多年的信任。今天你们这样做能失去我这样的一个消费者，我相信你们这样会失去千千万万像我这样的消费者。没有信用。你对得起我在京东消费十多万的消费者吗？,2018-03-08 20:47:07,1,0,5
j***b,金牌会员,虽说是老人手机，但声音却不大，老人家本就耳朵聋想要声音大点的，买了又不就退货麻烦,2018-03-08 22:44:45,0,0,5
潇***颜,铜牌会员,终于收到我需要的宝贝了，东西很好，价美物廉，谢谢掌柜的！说实在，这是我购物来让我最满意的一次购物。无论是掌柜的态度还是对物品，我都非常满意的。掌柜态度很专业热情，有问必答，回复也很快，我问了不少问题，他都不觉得烦，都会认真回答我，这点我向掌柜表示由衷的敬意，这样的好掌柜可不多。再说宝贝，正是我需要的，收到的时候包装完整，打开后让我惊喜的是，宝贝比我想象中的还要好！不得不得竖起大拇指。下次需要的时候我还会再来的，到时候麻烦掌柜给个优惠哦！,2018-03-09 12:02:43,0,0,5
j***6,银牌会员,讲真，这个手机信号超好的，有时候去地下室智能机没信号了，这个还满格，质量也很好,2018-03-07 13:43:14,0,0,5
s***7,PLUS会员,按键机还想要求怎样哦？能电话就行，满电代机一个月应该可以,2018-03-09 23:05:27,0,0,5
j***十,PLUS会员,这个送货有点慢，用了一个星期了，电池待机时间长，小巧玲珑,2018-03-09 18:36:06,0,0,5
F***1,钻石会员,很好用很经典，如果能够有一款屏幕这样小而键盘紧凑设计，耐用而安全手机就好了！,2018-03-08 00:27:01,0,0,5
j***w,铜牌会员,在京东买习惯后，就不想其它网买了，因为其它太慢包装太简陋等，是不是有同感？,2018-03-09 20:37:30,0,0,5
j***e,PLUS会员,手机拿着手感不错 给老人买的 就是按键字太小了 看不清,2018-03-06 16:59:48,0,0,5
瞅***眼,PLUS会员,东西质量很好，很喜欢。下次还会来买。物流速度也很快。,2018-03-07 09:52:45,0,0,5
兜***哦,钻石会员,手机是买给岳母大人的没经我手，不过还是相信京东的品质！果断好评！没法上图,2018-03-06 17:25:58,0,0,5
m***8,银牌会员,给老妈用的，纯属怀旧了，没什么毛病，感觉要是圆形充电接口的更适合老年人,2018-03-06 21:25:18,0,0,5
j***c,钻石会员,还可以吧，老妈买的老年机，用的还行，就是字体小了点，不过挺合适的，好评,2018-03-06 20:19:08,0,0,5
j***9,银牌会员,声音大 信号好 照相清晰 代理时间长  牌子不错 继续加油我看好你哟,2018-03-06 20:10:22,0,0,5
V***W,银牌会员,手机可以，收货快，用着可以，给妈妈买的，很喜欢，小巧又轻，非常满意,2018-03-07 19:45:28,0,0,5
j***z,金牌会员,屏幕是小了点，电池还是比较耐用的，总体来说还是相当不错的，给好评！,2018-03-06 21:45:08,0,0,5
j***l,铜牌会员,一直相信京东，买来的手机给弟弟上学用，特别的小巧，适合小学生上学用,2018-03-06 16:47:40,0,0,5
s***t,PLUS会员,效果很好 一直相信nokia的品质 物美价廉,2018-03-09 06:54:00,0,0,5
h***9,钻石会员,送货快，价格合适，有发票，可以，就是京东的企业的客服不行，态度差,2018-03-08 19:08:19,0,0,5
风***过,PLUS会员,适合老人使用，不笨重，来电声音大，给个好评。,2018-03-07 17:13:13,0,0,5
幽***清,PLUS会员,给老人买的，说不好用让退，嫌麻烦就让凑合用了,2018-03-06 17:45:44,0,0,5
j***b,PLUS会员,一直使用该品牌的手机，给老人用的，老人很喜欢,2018-03-07 08:13:35,0,0,5
j***1,铜牌会员,老妈用的，不知道怎么设快速拨号，整体手感特别好，我都想换成这款,2018-03-09 14:17:03,0,0,5
M***嘻,PLUS会员,给老人家买的，诺基亚就是实用，防狼防摔防偷,2018-03-08 22:52:04,0,0,5
L***g,PLUS会员,挺不错的哦，下次还会光顾，情怀机，真心不错,2018-03-09 13:23:35,0,0,5
_***_,PLUS会员,简单方便使用的手机，通话清晰，老人用很方便,2018-03-08 22:18:19,0,0,5
j***u,PLUS会员,一直京东购物，一如既往的好，愿京东越来越好,2018-03-07 19:41:39,0,0,5
j***p,铜牌会员,给老妈买的、，老妈很喜欢，小巧，方便携带。声音大。接打电话很好,2018-03-07 00:09:24,0,0,5
公***堡,PLUS会员,京东正品好货，发货速度快，无脑选择，买买买,2018-03-06 14:39:52,0,0,5
j***q,金牌会员,配送速度快，价格实惠，好用，就是不知道还是不是以前的耐摔诺基亚,2018-03-06 15:38:36,0,0,5
u***i,PLUS会员,给老爸买的，还不错，老人家喜欢简单的手机,2018-03-07 11:17:36,0,0,5
j***i,银牌会员,手机很好，,2018-03-06 15:05:50,0,0,5
S***9,银牌会员,买给我弟用的 比较方便 诺基亚是老牌子了。耐摔 实用性比较高,2018-03-06 19:08:13,0,0,5
j***2,PLUS会员,好手机，给老人买的，诺基亚心目中的的手机,2018-03-08 06:55:49,0,0,5
孔***军,PLUS会员,键盘软，还凑合吧，老人够用这个机器了。,2018-03-08 17:39:32,0,0,5
阿***Z,银牌会员,轻便小巧，通话质量好，但音量调最高后对老人来说还是太低了。,2018-03-08 18:07:11,0,0,5
j***j,铜牌会员,手感还可以，大小合适，新机就过了好几天才充电，娃娃用呢可以,2018-03-08 22:15:14,0,0,5
周***j,PLUS会员,京东自营好品质，物流很快，值得信赖！,2018-03-09 10:47:40,0,0,5
我***c,PLUS会员,用来做备用机的 还不错 待机时间挺长,2018-03-09 09:25:49,0,0,5
x***4,银牌会员,电池大约坚持两周，接电话之后明显电量掉的快。还可以接受。,2018-03-09 12:32:12,0,0,5
j***y,铜牌会员,物流很快！等用一段时间再负责任的评价！！！习惯好评！！！,2018-03-08 21:19:49,0,0,5
j***f,银牌会员,前天拿到货了，挺好用的，又轻  :电池重一点，各方面都好…,2018-03-08 12:29:16,0,0,5
j***t,钻石会员,还行吧，就是太小了，字和按键都小了，老年人使用感觉不合适,2018-03-07 10:39:30,0,0,5
s***q,PLUS会员,老人机，诺基亚一直在用的，相信质量。,2018-03-06 21:28:03,0,0,5
小***弋,金牌会员,手机不错想着当老年机来用不过有点小，不错了。快递很给力。,2018-03-06 16:04:52,0,0,5
l***4,PLUS会员,我就是为了玩贪吃蛇才买的这个手机。,2018-03-09 19:30:57,0,0,5
j***x,金牌会员,手机不错电量充足作为一个接打电话的备用机是个不错的选择,2018-03-09 12:18:35,0,0,5
Z***0,银牌会员,物流很快，手机包装也好，塑封完整，质量用一阵子在追评吧,2018-03-08 07:48:43,0,0,5
忠***0,PLUS会员,诺基亚老人机还是不错，我爸用刚刚好,2018-03-07 10:20:42,0,0,5
鸿***羽,金牌会员,不错的啊，，，给爷爷用。他不喜欢老人机，，。嫌弃太大了,2018-03-06 19:14:27,0,0,5
小***儿,PLUS会员,帮朋友买的，老人用的，手机没问题，,2018-03-06 19:08:55,0,0,5
w***5,钻石会员,手机不错就是按键不适应有点小了  质量有保障相信京东,2018-03-09 18:06:09,0,0,5
小***妈,金牌会员,还可以 很小 备用机 老人就别买了 太小 根本看不见,2018-03-08 00:53:06,0,0,5
万***明,PLUS会员,手机号码卡没有给我配置我怎么用呢,2018-03-07 12:06:39,0,0,5
j***m,金牌会员,今天收到了，把电充满了。还没用，感觉还好。用后在评价,2018-03-06 23:41:22,0,0,5
s***9,PLUS会员,快递很快，给老爸买的，很满意。,2018-03-09 18:15:35,0,0,5
宝***了,银牌会员,小手机用来装第二张卡 又有回忆感 又好看  很喜欢,2018-03-09 18:56:40,0,0,5
j***f,金牌会员,买了好几个了，真心可以，老人总方便简单，真心赞?,2018-03-09 21:27:30,0,0,5
致***5,PLUS会员,用着还可以，就是铃声小了一点。,2018-03-08 09:50:14,0,0,5
小***3,PLUS会员,俄方健康心态好看吃更健康新感觉,2018-03-08 21:26:26,0,0,5
L***5,铜牌会员,还不错，很漂亮实体店卖250多真的坑！还是京东好！,2018-03-07 22:32:12,0,0,5
j***3,银牌会员,手机很好用，按键灵敏，听筒声音清兼大，电池耐用。一,2018-03-07 20:17:23,0,0,5
K***3,金牌会员,外形尺寸跟照片一样  功能都比较适合中老年人 不错,2018-03-07 09:42:54,0,0,5
C***迷,钻石会员,小巧，通话清晰，希望能像以前的Nokia一样经摔。,2018-03-06 21:41:04,0,0,5
j***x,银牌会员,手机用起来不错，诺基亚的品质，京东的物流没得说的。,2018-03-07 23:35:52,0,0,5
1***p,PLUS会员[试用],看着不错，正在研究，用后追评,2018-03-09 22:42:23,0,0,5
橘***V,PLUS会员,很好 一天就到货了 挺优惠的,2018-03-09 11:48:08,0,0,5
j***0,钻石会员,诺基亚真是个神机。屏幕清晰，还带个手电筒很实用。,2018-03-09 08:34:56,0,0,5
甜***z,PLUS会员,不错?????。我,2018-03-08 08:25:49,0,0,5
单***极,PLUS会员,给爷爷买的手机，性价比还不错,2018-03-07 20:08:05,0,0,5
秋***淡,PLUS会员,物美价廉，大品牌，值得信赖！,2018-03-07 07:45:36,0,0,5
U***U,铜牌会员,货是到了但是不知道被搞到哪里去了京东越来越不行了,2018-03-09 19:48:44,0,0,5
是***的,金牌会员,外观小巧轻便，物流很快，质量很好，适合老年人使用,2018-03-06 18:50:54,0,0,5
z***4,金牌会员,挺好用的，比较方便，通话音质也不错，电池也可以,2018-03-09 14:36:39,0,0,5
j***c,铜牌会员,外观不错，给老人用很好，功能方面使用后再评价！,2018-03-09 00:01:40,0,0,5
难***了,钻石会员,手感不错，诺基亚一如既往的喜欢。老人用着也顺手,2018-03-08 10:30:49,0,0,5
6***0,钻石会员,给儿子当闹钟用的，大品牌值得放心，一分钱一分货,2018-03-08 13:57:11,0,0,5
j***4,PLUS会员,给老爸买的～不错，老牌子了,2018-03-07 13:46:30,0,0,5
j***4,铜牌会员,外观可以，机型小巧，但是电池续航方面还有待提高,2018-03-07 18:50:15,0,0,5
j***4,铜牌会员,物流太快了吧！昨天中午订单，今天中午就收到了。,2018-03-07 13:55:49,0,0,5
l***g,钻石会员,做备用机的话，没有比NOKIA更合适的手机了,2018-03-09 09:27:23,0,0,5
叶***尘,PLUS会员,老妈手机掉河里了，哈哈哈,2018-03-08 22:15:10,0,0,5
小***3,银牌会员,帮家老人买的。。。。。。。。。。。。。。。。,2018-03-08 06:45:50,0,0,5
l***H,PLUS会员,不错的东西，值得购买啊。,2018-03-07 14:59:59,0,0,5
魏***芳,PLUS会员,给老人家用的，感觉还可以,2018-03-06 21:13:25,0,0,5
夹***静,铜牌会员,送给妈妈的，希望质量用的住，用的好还会再来的,2018-03-09 21:51:21,0,0,5
小***中,PLUS会员,有颜值，有品质，可以。,2018-03-10 00:17:29,0,0,5
j***n,PLUS会员,还行，适合老人用的手机,2018-03-08 22:45:31,0,0,5
s***e,钻石会员,待机时间达不好所说的30天，但是还是喜欢。,2018-03-08 18:12:17,0,0,5
圆***递,PLUS会员,物流很快，买给老人家用,2018-03-08 11:39:55,0,0,5
邶***5,钻石会员,手机坏了，临时买一个备用，还可以。挺好的。,2018-03-08 13:42:59,0,0,5
凌***子,钻石会员,买给家里老人的，其他还可以就是建平小了一点,2018-03-07 21:21:56,0,0,5
j***7,铜牌会员,和描述的一样，还没用，等用了之后再追加评价,2018-03-07 11:29:41,0,0,5
L***1,金牌会员,可以哦，妈妈喜欢，够娇小的，老人家好装口袋,2018-03-06 21:57:57,0,0,5
j***d,铜牌会员,给爸爸买得，声音很大，电池抗用，老年机首选,2018-03-06 21:32:44,0,0,5
a***C,铜牌会员,手机屏幕相比老版大了不少，很实用，音质也很清晰，随身携带方便，性价比很高！,2017-10-31 13:18:54,0,0,5
1***2,钻石会员,老牌子，值得信赖，帮儿子买的，先用用看吧,2018-03-09 17:51:51,0,0,5
j***u,银牌会员,用了一段时间才来评论的，很好用，老人喜欢,2018-03-09 14:58:25,0,0,5
l***雅,企业会员,很好，是正品，本次购物满意！待机时间长！,2018-03-09 09:16:36,0,0,5
十***坊,钻石会员,给老爹买的！不会用智能的！这个手感很好！,2018-03-09 14:14:16,0,0,5
l***2,银牌会员,今天刚拿到外观挺好的，电池什么等用在追评,2018-03-08 23:19:46,0,0,5
j***e,银牌会员,这个，还让评价运行速度??总体还不错,2018-03-08 20:49:13,0,0,5
z***6,铜牌会员,好用手感好，声音大，就是不知道电量怎么样,2018-03-08 16:53:57,0,0,5
j***o,银牌会员,还可以 还是原来的味道 就是感觉声音不大,2018-03-08 12:52:04,0,0,5
谢***往,PLUS会员,非常经典！回味青年！,2018-03-08 07:53:17,0,0,5
w***y,PLUS会员,用着不错，功能强大。,2018-03-08 06:45:27,0,0,5
s***7,钻石会员,给老人买的，续航满意，信号也强，没得挑剔,2018-03-07 14:07:33,0,0,5
y***c,金牌会员,还不错，看着应该是正品，希望家人喜欢。,2018-03-09 21:01:00,0,0,5
j***x,金牌会员,经典手机，很喜欢，但是屏幕老妈说有点小,2018-03-09 20:38:33,0,0,5
G***y,银牌会员,挺好  主要接打电话   电池续航给力,2018-03-09 11:45:03,0,0,5
j***o,金牌会员,挺好看的，也挺好用的，很喜欢，推荐买它,2018-03-09 10:58:00,0,0,5
健***服,金牌会员,东西还不错，只是作为老人机屏幕有点小，,2018-03-08 23:57:58,0,0,5
Y***e,钻石会员,很好哦 方便使用 价格划算 神机诺基亚,2018-03-08 20:24:10,0,0,5
j***h,银牌会员,感觉还可以???????,2018-03-08 14:43:43,0,0,5
j***c,银牌会员,哈哈，好用，耐摔，超长待机，就选诺基亚,2018-03-08 08:39:04,0,0,5
c***9,银牌会员,不错的产品质量很好，就是声音没山寨机大,2018-03-08 09:46:30,0,0,5
y***3,银牌会员,诺基亚，信号还是没得说。不过有点小巧了,2018-03-07 20:07:27,0,0,5
1***p,金牌会员,还不错，用起来方便舒服。下次还会支持。,2018-03-07 09:57:59,0,0,5
五***8,银牌会员,不错 不错 老人家很喜欢 就是字有点小,2018-03-07 07:47:30,0,0,5
s***h,钻石会员,还行，就是按键数字有点小，老妈不喜欢。,2018-03-06 16:09:37,0,0,5
j***人,PLUS会员,挺好的，好用给力。,2018-03-09 21:05:00,0,0,5
有***猪,银牌会员,还不错，就是不能插内存卡，通话声音好,2018-03-09 21:46:00,0,0,5
Q***e,银牌会员,手机音质很好，就是声音和屏幕太小了点……,2018-03-09 20:51:25,0,0,5
b***h,PLUS会员,已经购买多次，好评,2018-03-09 18:34:01,0,0,5
j***s,铜牌会员,很好的手机，大家放心购买吧物超所值啊,2018-03-08 14:17:24,0,0,5
j***u,PLUS会员,帮别人买的蛮喜欢的,2018-03-08 17:07:05,0,0,5
j***p,金牌会员,手机没问题，但按键太小，不适合老人用,2018-03-06 21:00:41,0,0,5
w***双,银牌会员,手机是正品行货、京东快递很快服务也好,2018-03-06 18:04:55,0,0,5
辉***颖,钻石会员,还不错，很好，老人们很喜欢～～～～,2018-03-09 21:45:45,0,0,5
j***6,铜牌会员,东西还行，就是上面说的送手机卡没送,2018-03-09 13:15:45,0,0,5
j***c,金牌会员,手机不错，一直喜欢老品牌，喜欢京东,2018-03-09 20:33:08,0,0,5
j***g,金牌会员,手机收到感觉很好，还是当初的诺基亚,2018-03-07 21:42:33,0,0,5
小***牛,钻石会员,喜欢诺基亚，喜欢京东，会一直支持。,2018-03-08 09:02:52,0,0,5
J***l,金牌会员,老妈用着挺好的，信赖Nokia品质,2018-03-07 20:04:14,0,0,5
勇***2,钻石会员,给儿子买的第二台了，性价比更高了。,2018-03-08 06:19:25,0,0,5
拾***神,银牌会员,给老妈买的，听老妈说用起来还可以，,2018-03-07 08:29:37,0,0,5
j***n,铜牌会员,续航超棒，功能少，正好适合当备用机,2018-03-07 09:38:49,0,0,5
j***5,铜牌会员,快递很快就是没打开先评论下快递很赞,2018-03-07 17:09:30,0,0,5
j***4,金牌会员,给老人买的，就是有点小，其他还可以,2018-03-06 16:34:41,0,0,5
哥***滴,金牌会员,很好和图片一致，老年人用起很好用,2018-03-09 18:17:00,0,0,5
L***哥,钻石会员,不错，适合老年人用，京东速度超快,2018-03-08 11:38:29,0,0,5
苏***1,金牌会员,很好的一次购物，以后还会在买的。,2018-03-08 16:25:00,0,0,5
m***i,银牌会员,外观简单实用，手握方便舒适，不错,2018-03-07 15:59:00,0,0,5
q***g,银牌会员,此用户未及时评价，系统默认好评。,2018-03-07 11:26:35,0,0,5
j***7,金牌会员,此用户未及时评价，系统默认好评。,2018-03-07 00:49:49,0,0,5
幸***远,金牌会员,挺好的！就是不显示星期！有点方便,2018-03-06 23:03:06,0,0,5
j***a,银牌会员,物有所值，最主要的快递很给力。,2018-03-09 20:59:40,0,0,5
j***q,银牌会员,手机挺好的，老人很喜欢，物流快,2018-03-09 17:44:44,0,0,5
j***8,金牌会员,看外表质量不错，但是手机太小了,2018-03-09 17:26:15,0,0,5
y***D,银牌会员,按时收到，物流快，手机用后再评,2018-03-09 14:36:27,0,0,5
j***c,银牌会员,看着不错，偶尔断网需要重启一下,2018-03-09 15:47:12,0,0,5
j***3,银牌会员,给老妈买的，还可以，主要是便宜,2018-03-08 18:50:43,0,0,5
6***4,金牌会员,很好，回味无穷呀，电量特别耐用,2018-03-08 16:02:31,0,0,5
性***2,钻石会员,帮家里的老人家买的，应该还可以,2018-03-08 22:39:46,0,0,5
陈***0,金牌会员,还不错，目前为止还没有什么问题,2018-03-08 08:26:13,0,0,5
一***忧,金牌会员,还行不错。。。。。。。。。。。,2018-03-07 23:49:14,0,0,5
j***p,银牌会员,声音超大！！！待机时间也棒棒的,2018-03-07 22:50:50,0,0,5
f***h,银牌会员,很好  很实用  手机小巧安逸,2018-03-07 21:23:58,0,0,5
j***8,银牌会员,很好，老人机一直买诺基亚，耐用,2018-03-07 18:33:31,0,0,5
j***f,铜牌会员,手机操作系统不一样了，反应迟钝,2018-03-07 18:16:05,0,0,5
j***0,金牌会员,看起来很好看，等用了再来好评。,2018-03-06 18:31:13,0,0,5
j***6,银牌会员,第二次买啦，给老人用很实惠。,2018-03-09 23:29:22,0,0,5
多***宝,钻石会员,给妈妈买的 智能机用不习惯啊,2018-03-09 15:57:39,0,0,5
普***影,钻石会员,给外婆买的，希望她喜欢。。。,2018-03-08 18:51:09,0,0,5
g***i,钻石会员,电池续航久，轻便，给儿子用。,2018-03-07 22:44:56,0,0,5
j***l,铜牌会员,这速度没得比了，电话机可以有,2018-03-07 20:45:11,0,0,5
我***阳,钻石会员,用的就是情怀，铭记我的诺基亚,2018-03-07 16:01:43,0,0,5
華***6,金牌会员,就是声音太小了点，其他还不错,2018-03-06 22:25:39,0,0,5
不***蜂,银牌会员,备用机，，喜欢，，小巧玲珑的,2018-03-06 23:30:45,0,0,5
7***m,钻石会员,老人机，接打电话没问题。。。,2018-03-06 18:29:22,0,0,5
j***i,金牌会员,今天拿到手机，用起来还不错,2018-03-09 22:39:42,0,0,5
梁空灵,金牌会员,买给岳母的，说用着还可以。,2018-03-09 16:00:37,0,0,5
s***彤,银牌会员,很好用的手机，给妈妈买的。,2018-03-09 16:37:34,0,0,5
y***n,钻石会员,老品牌，值得信赖，电也耐用,2018-03-08 21:44:51,0,0,5
j***p,铜牌会员,手机还不错，老牌子值得信耐,2018-03-07 20:42:07,0,0,5
j***1,钻石会员,电池耐用，老品牌值得信籁。,2018-03-06 16:25:52,0,0,5
j***b,银牌会员,新买的诺基亚105，好用,2018-03-09 21:11:32,0,0,5
添***因,银牌会员,快递很快，不错。耐摔型的,2018-03-09 22:25:17,0,0,5
李***录,银牌会员,手机家里老人用，用得还好,2018-03-09 13:36:37,0,0,5
j***9,银牌会员,还不错吧，给小孩子用的！,2018-03-09 10:16:50,0,0,5
l***9,银牌会员,很好就是快递晚到了一天。,2018-03-08 09:53:51,0,0,5
百***薪,银牌会员,不错！备用机子电池耐用。,2018-03-08 08:12:08,0,0,5
w***0,钻石会员,帮女朋友老爸买的。。。。,2018-03-08 00:11:35,0,0,5
O***g,PLUS会员,还可以...,2018-03-07 22:15:15,0,0,5
j***4,银牌会员,还不错  买来给我弟用的,2018-03-07 21:44:40,0,0,5
j***k,金牌会员,给我母亲买的，用着还可以,2018-03-07 16:19:41,0,0,5
j***j,钻石会员,已经是第二台了，防摔防水,2018-03-07 15:37:04,0,0,5
j***r,金牌会员,给老人用，还不错，很轻！,2018-03-07 11:09:54,0,0,5
l***o,金牌会员,还是诺基亚，就是诺基亚吧,2018-03-07 17:44:10,0,0,5
j***l,金牌会员,给爸爸买的，声音不是很大,2018-03-06 22:07:29,0,0,5
荣***9,银牌会员,声音清晰…颜值高…老人很满意…,2018-03-06 19:18:44,0,0,5
j***q,铜牌会员,挺好用的，老人挺喜欢?,2018-03-06 16:12:55,0,0,5
j***r,银牌会员,给老人家用的，声音够响的,2018-03-06 21:13:01,0,0,5
j***8,钻石会员,可以啊，不错，电池耐用,2018-03-09 13:54:33,0,0,5
1***8,银牌会员,其他多好，就是有点小。,2018-03-07 23:59:40,0,0,5
斯***球,金牌会员,很好，就是还是稍微小点,2018-03-07 17:07:39,0,0,5
小***1,金牌会员,还是诺基亚的功能机好使,2018-03-07 15:48:30,0,0,5
c***8,金牌会员,老牌子，一如既往地好！,2018-03-07 10:33:37,0,0,5
k***N,铜牌会员,高仿机！这个价格有点高,2018-03-06 22:27:45,0,0,5
卡***_,金牌会员,备用机用很好 电池耐用,2018-03-06 21:17:31,0,0,5
j***r,银牌会员,京东物流没得说手机很好,2018-03-06 20:21:46,0,0,5
哈***吼,银牌会员,很好 老年人用很方便,2018-03-09 23:16:52,0,0,5
超***9,钻石会员,好产品不错，继续使用,2018-03-09 17:40:03,0,0,5
j***a,钻石会员,给小孩用，价廉物美。,2018-03-09 09:45:50,0,0,5
j***3,银牌会员,给孩子买的，挺不错的,2018-03-08 13:03:16,0,0,5
a***i,钻石会员,通话质量一如既往的好,2018-03-07 22:31:54,0,0,5
馨***客,银牌会员,不错，就是不带内存卡,2018-03-07 20:27:33,0,0,5
j***2,钻石会员,好用，待机不用多说了,2018-03-07 18:56:58,0,0,5
c***1,钻石会员,给单位买的，经济实惠,2018-03-07 09:55:04,0,0,5
j***6,银牌会员,货真价实，与以前一般,2018-03-07 06:47:16,0,0,5
j***k,金牌会员,给老人用的，改还可以,2018-03-06 20:00:08,0,0,5
j***z,银牌会员,铃声小了，其他还可以,2018-03-06 21:09:43,0,0,5
嘎***豆,PLUS会员,给父母买的很不错，使用简单，操作方便，续航很持久，一周左右吧,2018-03-06 20:36:50,0,0,5
j***r,铜牌会员,手机很棒的，是正品,2018-03-09 16:38:22,0,0,5
笑***8,钻石会员,看着还行，蛮小巧。,2018-03-09 14:27:25,0,0,5
b***Q,铜牌会员,商品很好，物流也快,2018-03-08 18:28:37,0,0,5
j***h,银牌会员,很好。老母非常喜欢,2018-03-08 13:40:34,0,0,5
j***e,金牌会员,要用一段时间才知道,2018-03-08 11:08:18,0,0,5
A***A,银牌会员,可以 买给奶奶用的,2018-03-07 16:59:51,0,0,5
j***6,银牌会员,很不错，经典，结实,2018-03-07 13:57:11,0,0,5
守***孩,金牌会员,没有老款的信号好。,2018-03-07 09:53:49,0,0,5
万人敬仰的涛哥,铜牌会员,东西应该还行，刚收到，包装全新，机子小巧，买给我奶奶用的，感觉好像选错了?,2018-03-07 18:51:41,0,0,5
j***f,钻石会员,不错，做备用机合适,2018-03-06 17:04:26,0,0,5
j***0,金牌会员,功能真的很少,2018-03-05 13:00:00,1,0,5
请***入,钻石会员,没啥说的.给个赞,2018-03-09 13:53:15,0,0,5
不***睛,钻石会员,买给爸爸，还不错,2018-03-09 13:14:58,0,0,5
w***8,钻石会员,实用，老人也喜欢,2018-03-08 20:05:29,0,0,5
j***0,银牌会员,可以，之前用过！,2018-03-08 17:53:10,0,0,5
C***O,铜牌会员,非常好用，实用。,2018-03-07 13:24:52,0,0,5
m***A,铜牌会员,不错，比较实用！,2018-03-07 14:37:43,0,0,5
G***n,钻石会员,续航好，实用方便,2018-03-07 11:08:23,0,0,5
d***T,银牌会员,非常喜欢非常好看,2018-03-07 17:53:00,0,0,5
半***Y,金牌会员,给爷爷买的，好用,2018-03-06 19:12:16,0,0,5
困***1,金牌会员,比想象中的小多了,2018-03-06 18:03:10,0,0,5
j***d,银牌会员,手机是全新的很不错打电话声音又很清晰京东客服也很好,2018-03-07 21:35:02,0,0,5
成成爱网购,金牌会员,给老妈买的，智能的不会用，只能买这个了。,2018-03-01 23:49:35,1,0,5
w***l,PLUS会员,适合老年人使用,2018-03-09 22:19:50,0,0,5
j***7,PLUS会员,价格便宜 不错,2018-03-07 22:47:06,0,0,5
j***0,PLUS会员,老人用比较合适,2018-03-06 18:41:33,0,0,5
y***5,金牌会员,用了一段时间，还行吧，诺基亚，看样子！,2018-03-08 13:32:28,0,0,5
w***n,钻石会员,很漂亮，给家里老人用的，通话清晰,2018-03-06 20:47:26,0,0,5
j***5,钻石会员,还不知道使用效果如何，首先按键真的好小，铃声也不大,2018-03-08 00:02:04,0,0,4
j***b,铜牌会员,还不错、...,2018-03-09 21:58:48,0,0,5
辣***5,银牌会员,太给力了，京东,2018-03-09 12:27:32,0,0,5
j***n,金牌会员,可以，速度超快……,2018-03-09 12:07:04,0,0,5
m***q,铜牌会员,还行，放着备用,2018-03-09 11:24:29,0,0,5
j***7,金牌会员,很好！老妈用得,2018-03-08 21:38:24,0,0,5
M***野,银牌会员,快递员不大热情,2018-03-08 13:27:30,0,0,5
j***h,金牌会员,好用，小巧玲玲,2018-03-08 21:23:50,0,0,5
别***钱,银牌会员,买给外婆很好用,2018-03-07 23:55:16,0,0,5
K***w,钻石会员,手机就用诺基亚,2018-03-07 19:20:33,0,0,5
p***G,钻石会员,功能机中的王者,2018-03-07 12:26:11,0,0,5
q***3,金牌会员,款式不错，老妈很喜欢,2018-03-06 21:43:03,0,0,5
王***2,银牌会员,刚收到还没用哪,2018-03-06 17:34:32,0,0,5
t***1,金牌会员,接听时声音较小,2018-03-06 17:18:07,0,0,5
人***F,PLUS会员,挺好的，物流很快，待机很长，充电速度也很快，给孩子用，不需要功能太多，用了几天，看看效果。,2018-03-06 18:27:15,0,0,5
h***8,PLUS会员[试用],挺好的吧，，,2018-03-07 16:33:39,0,0,5
j***n,PLUS会员,信号很好不错,2018-03-06 14:42:12,0,0,5
g***y,PLUS会员,电池续航一周左右，经常用的话5天左右，很是怀念，特别好用！,2018-03-07 11:33:45,0,0,5
H***e,钻石会员,"当备用机的，外观可以～要是和3310的厚度就更美了
可惜不能双卡双通～",2018-03-08 19:15:02,0,0,5
1***p,银牌会员,相信诺基亚。,2018-03-09 19:18:50,0,0,5
j***c,铜牌会员,蛮好的手机啊,2018-03-09 17:04:56,0,0,5
冬***会,金牌会员,产品质量OK,2018-03-09 17:18:34,0,0,5
1***q,金牌会员,快递速度给力,2018-03-08 15:29:15,0,0,5
太***鱼,金牌会员,不太喜欢，质量还可以，主要就是开免提太麻烦，得按三个键。关机还不能直接关也得按三次。,2018-03-09 13:27:36,0,0,4
J***0,银牌会员,不错，手感好,2018-03-07 09:54:57,0,0,5
z***i,PLUS会员,京东多快好省，真实惠，加油吧我的京东！！！,2018-03-07 01:34:45,0,0,5
刘***奇,PLUS会员,还不错，有以前使用的感觉，希望能结实耐用,2018-03-06 18:37:47,0,0,5
歪***皮,银牌会员,续航还可以，就是菜单操作好像和传统的诺基亚好像不太一下，家里老人用着不太习惯！,2018-03-08 19:45:45,0,0,4
龙***5,钻石会员,买给奶奶用的，就是按键有点小，老人用不太方便，其他都好！,2018-03-08 11:46:39,0,0,5
j***d,PLUS会员,智能手机用久了 都不知道怎么解锁了,2018-03-08 19:49:02,0,0,5
j***l,银牌会员,手机很漂亮，小巧的也很可爱，双卡的信号也很好 值得购买,2018-03-07 15:54:12,0,0,5
金***7,钻石会员,买了第二了，帮朋友买的，很小，放兜里方便，声音也很发！,2018-03-07 08:25:51,0,0,5
6***8,铜牌会员,非常满意，值得购买，品牌的力量，通话质量很好。,2018-03-09 12:08:29,0,0,5
破***年,PLUS会员,相当一般的手机，后悔买了,2018-03-08 20:43:15,0,0,5
苏***墙,金牌会员,快递不是一般的快，真是太神速了，早上买，下午到。很适合学生使用，上不了网，只是接打电话，接送短信，闹钟。外观也不错，价格也适中。质量怎么样，只能等待时间去判断了。,2018-03-06 22:44:37,0,0,5
j***a,银牌会员,唯一不完美的是现在智能机都是小卡，配个大卡的卡槽就完美了.,2018-03-06 23:58:09,0,0,4
s***u,金牌会员,给小孩子用，价格实惠耐用首选！满意，,2018-03-09 12:47:53,0,0,5
勿***s,金牌会员,给家里买的实用，待机长大品牌值得拥有,2018-03-07 16:38:57,0,0,5
x***2,金牌会员,手感很好不是老年机可以比的 按键舒服,2018-03-06 18:26:32,0,0,5
j***z,钻石会员,性价比不错的功能机，适合小孩子使用,2018-03-07 10:41:42,0,0,5
亲***轻,金牌会员,功能简单  价格便宜  很实惠,2018-03-06 19:53:45,0,0,5
l***1,钻石会员,挺不错的，小巧玲珑方便携带！,2018-03-08 19:24:10,0,0,5
胡懿姝,金牌会员,备用机还不错  妈妈很喜欢,2018-03-08 12:08:35,0,0,5
y***o,银牌会员,就是声音有点小，查看通过记录啥的不是很方便,2018-03-07 12:14:12,0,0,4
2***a,金牌会员,快递给为这已是第二次购买了,2018-01-31 20:31:59,0,0,5
繁***a,银牌会员,很不错，但是没有免提,2018-03-09 14:46:57,0,0,5
1***3,银牌会员,挺不错的，待机时间长,2018-03-08 13:15:15,0,0,5
一***K,PLUS会员,还好吧，不过怎么感觉都不是原来诺基亚的做工，字体很模糊，而且很小，老人机，这个老人看起来好像不怎么方便。,2018-03-09 16:21:43,0,0,5
改***己,金牌会员,比以前的差别还是挺大,2018-03-09 21:27:03,0,0,4
j***n,PLUS会员,当备用机蛮好的、轻巧、按钮比较小、双卡双待、手机铃声有些小、但是性价比非常高了。推荐购买。,2018-03-08 22:40:59,0,0,5
t***力,PLUS会员,早上买下午送快递算很给力的了，手机很小巧，手感不错，通话音质蛮清晰的，一直信赖Nokia。,2018-03-06 19:19:44,0,0,5
C***z,PLUS会员,妈妈很喜欢，但是屏幕对于老人来说还是有点小，字也有点小，如果买给老人用，建议选大一点的,2018-03-06 23:43:57,0,0,5
保***魔,PLUS会员,自带诺基亚信仰加成。作为老年机按键和屏幕都偏小，感觉更适合年纪轻点儿的人做备用机。,2018-03-09 12:42:41,0,0,5
j***8,银牌会员,还可以。。。。。,2018-03-08 22:43:29,0,0,4
j***f,铜牌会员,这款手机还可以。,2018-03-07 11:47:55,0,0,4
j***1,钻石会员,收到货，很久没用这种电话了，给学生放家里用挺好的，要是能配I个挂绳挂袋，方便孩子出门携带就更好了。,2018-03-08 10:09:45,0,0,5
逗逗777,钻石会员,学生机很合适，功能没有！感觉价格有好贵148元，看了产地越南进口货哎！估计和以前的诺基亚比有差距！,2018-03-06 18:16:44,0,0,5
j***生,金牌会员,给家里老人买的，功能简单，使用很方便，待机时间长，可以设置快捷拨号。屏幕和按键有点小，这是缺点。,2018-03-08 08:14:08,0,0,5
j***r,铜牌会员,还不错。适合小孩年轻人用。老年人用不太适合 因为按键没有声音数字响。我觉得挺好的买来当副卡用的,2018-03-08 15:58:32,0,0,5
j***0,钻石会员,为了不让女儿用智能手机，特意给她买了一个只可以打电话的手机，以方便联系她，不错小巧玲珑很轻便,2018-03-09 19:42:56,0,0,5
蜀***男,PLUS会员,小巧精致，使用方便，智能机用惯了，感觉反应慢，充电借口与安卓通用，不错！,2018-03-07 15:06:19,0,0,5
奕***翔,银牌会员,感觉价格很合适，手机很小巧，功能不多，当个备用机，接打电话正好。电池耐不耐用还有待考验。,2018-03-06 16:33:56,0,0,5
风***路,PLUS会员,给力，熟悉的感觉，不过经常想不起来是自己的手机在响，时间太久了。。,2018-03-06 18:54:03,0,0,5
C***G,PLUS会员,刚买回来，好不好还不知道，反正就100多块钱的。买来当保号使用。,2018-03-09 07:57:25,0,0,5
蓝***夭,钻石会员,优点是待机时间真的长，也没任何需要数据流量的，缺点是中间确定键太小，容易按在方向键上,2018-03-07 20:23:50,0,0,5
为***价,PLUS会员,越南生产，封口是另一家公司，开机屏幕没有了手牵手，通话效果很硬,2018-03-07 21:35:39,0,0,5
j***2,银牌会员,老妈看了很满意！老人就喜欢小一点的手机，放在口袋里更放便！外科很滑！很容易掉地下！,2018-03-07 09:05:27,0,0,5
y***l,PLUS会员,带朋友下单的，也是自己推荐的，诺记虽然被时代抛弃，但是情怀还在,2018-03-07 12:49:01,0,0,5
罐***才,PLUS会员,信赖诺基亚，给老人买的还是很棒的！！！京东物流一如既往的快！,2018-03-09 23:18:35,0,0,5
o***s,钻石会员,送货准时，铃声挺响，就是塑料感太强导致像个玩具，不过才150块，要求也不能太高了,2018-03-07 09:05:58,0,0,5
s***o,PLUS会员,买第二部了~白色比黑色颜值高~便宜实用怀旧~可以移动的无绳电话~,2018-03-09 13:02:10,0,0,5
c***7,PLUS会员,老人用还可以，但是感觉没有老款好，做工明显感觉比较差啊。,2018-03-06 17:58:18,0,0,5
R***9,PLUS会员,显示效果还是不错的，手机运行速度很快，这是以前的手机系统,2018-03-06 23:53:04,0,0,5
z***r,银牌会员,小巧玲珑，握感舒适，使用一个多礼拜，续航真不错！主要是给小孩子上学用的。,2018-03-07 23:19:17,0,0,5
j***y,PLUS会员,小巧精致，看着还行。给孩子用的，用后再评五星好评吧！,2018-03-07 11:57:41,0,0,5
j***i,PLUS会员,买过来给孩子用的，充电一次，可以用好久，通话也清楚,2018-03-06 20:08:38,0,0,5
j***b,银牌会员,用的还行，我主要是用来打电话的，待机时间也比较长，充电也比较快，挺好的,2018-03-08 11:01:40,0,0,5
大***髦,PLUS会员,续航厉害 拿来工作用 没什么可挑的 诺基亚没问题,2018-03-09 16:10:38,0,0,5
陈***瑞,金牌会员,东西不错值得拥有   买给爷爷用的   诺基亚功能机质量还是有保障的,2018-03-09 14:05:23,0,0,5
j***t,PLUS会员,非常满意的一次购物，东西好，物流快，女儿正在使用,2018-03-07 10:53:05,0,0,5
v***和,PLUS会员,确实很轻很小巧，不知道是否像老诺基亚一样耐用,2018-03-07 18:48:49,0,0,5
四***妈,钻石会员,一直钟爱的品牌，工艺精良，信得过。赶上促销好值啊！喜欢不用商量！,2018-03-06 23:13:54,0,0,5
_***_,PLUS会员,简单方便使用的手机，通话清晰，老人用很方便,2018-03-08 22:18:19,0,0,5
j***m,银牌会员,第二次买啦   这次是帮朋友买的     手机挺好的   方便,2018-03-07 16:57:11,0,0,5
茶***5,金牌会员,电池耐用，备用机电话少可以用一周。小巧方便携带，通话质量一般。,2018-03-07 12:45:45,0,0,5
轱***3,PLUS会员,带电持久，性价比很高的手机，必须支持诺基亚,2018-03-06 14:33:13,0,0,5
雨***B,钻石会员,小巧，好用,2018-03-09 18:46:03,0,0,5
z***5,钻石会员,还行，塑料,2018-03-08 15:04:16,0,0,5
j***f,铜牌会员,手机挺好的,2018-03-08 13:06:14,0,0,5
j***濤,银牌会员,大小合适，看习惯了智能手机的屏幕。再看此手机屏幕，觉得不适应,2018-03-09 16:00:48,0,0,5
j***y,银牌会员,屏幕不清晰,2018-03-07 19:54:32,0,0,5
田***菘,PLUS会员,还没用过，给老人买的，不知道什么样用人。,2018-03-07 19:52:56,0,0,5
b***z,银牌会员,非常好?……加油,2018-03-07 10:39:25,0,0,5
安***涛,PLUS会员,做备用机再好不过了，待机时间长，通话清晰,2018-03-07 11:09:53,0,0,5
j***p,钻石会员,使用很方便,2018-03-06 17:39:14,0,0,5
嗱***做,银牌会员,现在出来的诺基亚已没有以前的质感，狠轻，不知重量都省去哪了！,2018-03-07 12:30:23,0,0,5
尚***念,铜牌会员,考研买的   很好(?▽?)   希望自己能考上。  嘻嘻,2018-03-09 13:59:15,0,0,5
F***_,银牌会员,还不错，电池耐用，操作简单，作为备用机或老人机还是没问题的,2018-03-08 08:32:49,0,0,5
成***3,银牌会员,外观非常漂亮，手感不错，通话质量好，诺基亚一如既往的好！,2018-03-09 08:40:14,0,0,5
r***n,PLUS会员,给老妈买的，很小很轻便，老年人用正好,2018-03-08 20:28:26,0,0,5
c***9,PLUS会员,很满意，一天就收到了，啦啦啦啦啦啦啦,2018-03-07 19:56:07,0,0,5
a***4,银牌会员,给老妈买的，老人机的话字太小了，样子挺好看的，当备用机吧,2018-03-08 10:02:17,0,0,5
彬***m,银牌会员,给老人买的，很值，拿到手的时候对于一个八零后还是很怀念的~诺基亚也曾是我们中学时代的王者啊,2018-03-07 20:03:24,0,0,5
S***8,PLUS会员,第二次买，之前那个丢了，非常好用！,2018-03-08 01:04:27,0,0,5
_***团,铜牌会员,速度反应挺快的！物流很棒隔天就到了。小小的用着特别方便,2018-03-08 14:28:47,0,0,5
X***爷,银牌会员,结实耐用，还是熟悉的味道，被我妈不小心洗了一下还可以用,2018-03-07 15:35:18,0,0,5
l***龙,金牌会员,都挺好的，用了一段时间，老人用着不错。待机时间也可以。,2018-03-07 21:22:42,0,0,5
c***1,PLUS会员,诺基亚手机给老年人用的不错。。。。,2018-03-06 19:35:55,0,0,5
A***7,钻石会员,买给外婆的，质量感觉很好，就是字再大一些后更完美了～,2018-03-08 20:58:06,0,0,5
天***天,PLUS会员,同款价格来说，诺基亚的性能并不好……都是打怀旧牌，没什么用了，错过退货时间了不然我就。。。。,2018-03-07 21:03:23,0,0,5
小***星,金牌会员,很好，产品经济实惠!抢了好多次才抢购到!希望能耐用!,2018-03-07 22:58:07,0,0,5
狗***正,PLUS会员,第四个了，智能手机用多了，回归下,2018-03-07 08:24:13,0,0,5
海***产,企业会员,诺基亚的主板，电池依旧那样，就是感觉手感不是很好?,2018-03-06 21:31:45,0,0,5
CHRISTIAN_PIG,PLUS会员,此用户未及时评价，系统默认好评。,2018-03-06 16:40:08,0,0,5
jd_158124jvyh,铜牌会员,快递很给力，昨天下单，今天收到，手机质量用几天后再评,2018-03-06 17:03:52,0,0,5
s***6,PLUS会员,第三次购买啦！买个同事值班用！,2018-03-09 18:02:48,0,0,5
j***a,铜牌会员,还不错，给以前的诺基亚不太一样，没有开机的拉手动画,2018-03-09 20:30:54,0,0,5
晓***8,银牌会员,手机看着很好，实用，快递也很快，老人很喜欢这个手机,2018-03-08 03:48:30,0,0,5
F***2,PLUS会员,还可以吧，情怀机。。。续航一般,2018-03-06 21:40:21,0,0,5
去***方,银牌会员,买来给奶奶用的，诺基亚的单键拨号我奶奶用的很溜儿。,2018-03-07 22:37:30,0,0,5
j***l,PLUS会员,东西很好，很喜欢，值得购买！,2018-03-09 23:03:53,0,0,5
j***l,PLUS会员,东西很好，很喜欢，值得购买！,2018-03-09 22:56:42,0,0,5
a***典,金牌会员,给爷爷买的  声音小 字也不大  老年人不太适合,2018-03-09 23:14:51,0,0,5
j***7,PLUS会员,简单好用不贵信号可以值得一买,2018-03-09 21:59:32,0,0,5
A***y,PLUS会员,诺基亚功能机希望品质一如既往,2018-03-08 23:26:54,0,0,5
多***晴,PLUS会员,质量杠杠的，好评了，很满意！,2018-03-08 19:22:57,0,0,5
爱***7,PLUS会员[试用],五星神机，防身必备，强烈推荐,2018-03-06 14:46:34,0,0,5
j***u,金牌会员,挺好的 比原来的105好看了 但是按键没原来的大,2018-03-08 11:21:58,0,0,5
j***7,PLUS会员,颜色好看，老品牌，质量好。,2018-03-09 21:39:30,0,0,5
E***A,银牌会员,贼好用，打王者一点都不卡，把把吃鸡，流畅的一比……,2018-03-08 12:42:05,0,0,5
j***兹,钻石会员,给老人用的，看上去还不错，颜色很喜欢，简单大方,2018-03-07 20:19:35,0,0,5
j***u,银牌会员,刚收到使用，感觉还不错，快递小哥服务态度很好。,2018-03-07 16:59:03,0,0,5
小***南,银牌会员,很不错，超长待机。按键还是原来的感觉，真棒?,2018-03-07 10:32:47,0,0,5
吴***0,金牌会员,给我妈妈买的手机，妈说很好看，也很好用，很开心,2018-03-06 20:48:55,0,0,5
j***w,银牌会员,诺基亚手机，一如既往的好用，给小孩用的电池耐用,2018-03-07 09:06:59,0,0,5
y***6,金牌会员,买给我妈用的，之前的老款被水泡坏了，简单实用。,2018-03-06 18:32:48,0,0,5
j***j,PLUS会员,京东品质一如既往值得信赖,2018-03-09 10:46:07,0,0,5
j***c,PLUS会员,东西一般，没有想象的好。,2018-03-09 06:20:07,0,0,5
j***英,PLUS会员,质量还不错，感觉还可以.,2018-03-07 20:45:20,0,0,5
不***影,PLUS会员,功能机，首选NOKIA!,2018-03-06 20:26:40,0,0,5
h***9,企业会员,给公司员工用的，要不能拍照不能上网的。方便。,2018-03-06 16:04:17,0,0,5
哥***寞,金牌会员,买给老人用的.送货很快..手机暂时还没用到,2018-03-09 20:17:55,0,0,5
h***8,银牌会员,使用很好，就是白色不耐脏，早知道买黑色了！,2018-03-09 16:17:07,0,0,5
七***0,银牌会员,一如既往的好，一直都是用诺基亚，老人很喜欢,2018-03-08 18:05:45,0,0,5
点***行,PLUS会员,价格偏贵  其他还行吧,2018-03-08 12:23:29,0,0,5
k***0,PLUS会员,买给妈妈用的，希望耐用,2018-03-07 14:17:30,0,0,5
m***i,PLUS会员,"非常好！
待机时间长。",2018-03-06 17:58:13,0,0,5
长***田,PLUS会员,用起来很有感觉，很怀旧,2018-03-06 17:40:07,0,0,5
7***m,钻石会员,老人机，品牌好，拥有诺基亚，走遍天下都不怕,2018-03-06 18:30:17,0,0,5
j***d,银牌会员,小巧玲珑的，这是买给儿子用，小孩挺喜欢的。,2018-03-06 23:13:10,0,0,5
l***4,PLUS会员,还可以声音音量也好可以,2018-03-06 14:32:11,0,0,5
樱***吻,PLUS会员,买个朋友的，希望好用,2018-03-09 11:02:26,0,0,5
b***d,钻石会员,信号比电话手表好一点，小天才在商场没信号,2018-03-09 22:39:24,0,0,5
熊***啸,银牌会员,虽然出了一点小问题，但是机子还可以！好评,2018-03-09 12:11:52,0,0,5
x***F,铜牌会员,还可以，不过按键很小，老年人可能看不清楚,2018-03-09 09:40:28,0,0,5
j***s,钻石会员,小孩子用，颜色时尚，性能足够，孩子蛮喜欢,2018-03-08 20:22:40,0,0,5
j***k,金牌会员,非常好 贼复古 没有失望呀 希望越做越好,2018-03-08 09:33:43,0,0,5
不***悔,铜牌会员,给妈妈买的，就是字小了点，其他的还OK。,2018-03-08 19:58:46,0,0,5
雨***行,金牌会员,东西不错，诺基亚手机质量没得说，一代神机……,2018-03-07 15:57:18,0,0,5
L***5,银牌会员,当备用机用的，不错，轻巧，待机时间可以。,2018-03-07 09:54:42,0,0,5
w***8,金牌会员,东西还不错，买来小孩用了。小孩子很喜欢。,2018-03-06 20:29:55,0,0,5
渲***5,钻石会员,东西好坏先不说，速度一如既往的快。好评,2018-03-09 14:12:15,0,0,5
w***1,铜牌会员,手感不太好，待机时间一般。手机信号不错,2018-03-09 14:46:57,0,0,5
j***r,银牌会员,这款手机不错，跟最早的诺基亚一样一样的,2018-03-09 20:42:40,0,0,5
v***E,银牌会员,手机有点小，但是声音挺大，老人用着还行,2018-03-08 17:09:12,0,0,5
j***4,钻石会员,价格便宜，使用方便，待机时间很长很长。,2018-03-07 00:44:38,0,0,5
大***东,金牌会员,好用   就是对于老人来说 字太小了,2018-03-09 13:42:01,0,0,5
j***f,铜牌会员,手机还不错，第二天就收到了，京东很棒,2018-03-09 06:22:36,0,0,5
j***2,PLUS会员,还不错，正在使用中,2018-03-08 15:23:15,0,0,5
j***的,PLUS会员,还是诺基亚手机好用,2018-03-07 20:43:44,0,0,5
王***府,PLUS会员,孩子用的，很方便。,2018-03-07 21:08:08,0,0,5
c***a,银牌会员,通信稳定，待机时间长，适合儿童使用。,2018-03-07 21:39:44,0,0,5
令***水,银牌会员,就是手机通话声音有点小，其他都还可以,2018-03-06 21:16:58,0,0,5
f***1,金牌会员,马马虎虎吧，继续看后面的使用状况了,2018-03-09 19:54:49,0,0,5
嗨***好,银牌会员,不知道能不能用住，不过老人用还行吧,2018-03-09 11:46:59,0,0,5
1***o,铜牌会员,手机不错，还以为电信可以用，买错了,2018-03-08 01:08:44,0,0,5
j***g,钻石会员,还行吧，在校学生用，老人用接键偏小,2018-03-07 07:28:45,0,0,5
j***p,银牌会员,给小朋友买的，很小巧很合适，挺好的,2018-03-06 19:39:56,0,0,5
董***2,金牌会员,质量，性能，颜色都非常好，赞一下,2018-03-09 20:47:11,0,0,5
l***你,铜牌会员,此用户未及时评价，系统默认好评。,2018-03-09 17:33:56,0,0,5
一***她,钻石会员,诺基亚声音是很清楚，很好用实惠！,2018-03-08 11:38:54,0,0,5
j***h,钻石会员,公司采购，很好用，一直在京东采购,2018-03-08 15:28:00,0,0,5
j***b,银牌会员,物流超快的，包装也很精致，好评！,2018-03-07 20:36:14,0,0,5
j***x,金牌会员,拿来装小号的，电力十足，非常实在,2018-03-07 17:04:37,0,0,5
j***3,钻石会员,第一次买老人机，超长待机  耐摔,2018-03-07 13:32:56,0,0,5
海***2,钻石会员,好用，待机时间长，备用机挺不错的,2018-03-07 10:52:51,0,0,5
j***l,铜牌会员,小巧，简约很适合老年人用，不错！,2018-03-06 21:41:44,0,0,5
l***2,银牌会员,好，质量没得说，超长待机，杠杠的,2018-03-06 19:11:34,0,0,5
o***0,钻石会员,小巧玲珑，续航时间一周，很满意,2018-03-09 11:38:09,0,0,5
j***i,金牌会员,买给老妈的，信号强大，声音清晰,2018-03-09 11:33:09,0,0,5
l***7,金牌会员,给我家老爷子买的，凑活着用吧！,2018-03-08 22:28:21,0,0,5
j***1,银牌会员,小巧玲珑又可爱，关键是语言清晰,2018-03-08 21:01:53,0,0,5
z***f,金牌会员,外观不错，质量很好，性价比高！,2018-03-08 16:54:07,0,0,5
1***5,金牌会员,熟悉的手机，里头有贪吃蛇游戏呢,2018-03-08 19:30:20,0,0,5
M***k,银牌会员,很满意，物流超快，愉快的购物。,2018-03-07 21:51:51,0,0,5
请***玄,银牌会员,不错，感觉还行给小孩子用刚刚好,2018-03-07 19:02:38,0,0,5
E***E,金牌会员,很好，品牌不错，一直就很相信。,2018-03-06 19:41:23,0,0,5
j***p,金牌会员,手机已经收到，很好，买给老人用,2018-03-06 15:49:01,0,0,5
j***哥,银牌会员,不错的，给我妈妈用，很好用啊,2018-03-09 22:14:22,0,0,5
_***猫,钻石会员,挺好用的，情怀。。。。。。。,2018-03-08 09:51:03,0,0,5
j***4,银牌会员,其它都还好，就是声音太小了。,2018-03-07 16:32:03,0,0,5
猴***0,银牌会员,不错  给小孩子用用  方便,2018-03-06 19:44:25,0,0,5
酷***东,铜牌会员,很图片一样一样，送货速度超快,2018-03-06 17:37:39,0,0,5
F***5,金牌会员,外甥喜欢比普通老人家强大多了！,2018-02-14 05:28:55,0,0,5
j***z,铜牌会员,声音很大样子好看老人很喜欢,2018-03-09 07:18:02,0,0,5
毛***8,金牌会员,还可以，电池也耐用，，，，,2018-03-08 21:51:47,0,0,5
j***b,银牌会员,外观很美 电池也不错 耐用,2018-03-08 22:51:03,0,0,5
j***j,金牌会员,东西真真好，有点童年的记忆,2018-03-09 01:06:06,0,0,5
j***3,银牌会员,给婆婆买的，她很喜欢，好评,2018-03-08 21:25:04,0,0,5
木***华,钻石会员,买了第二台，还是经典的好用,2018-03-08 19:56:02,0,0,5
被***1,银牌会员,东西收到了，不错和图片一样,2018-03-08 17:58:29,0,0,5
d***3,金牌会员,还是那么熟悉的铃声，好用！,2018-03-07 21:02:11,0,0,5
j***5,铜牌会员,东西还行，老爷子用了说可以,2018-03-06 19:29:35,0,0,5
j***笑,金牌会员,一代人的记忆，小孩使用方便,2018-03-06 14:37:45,0,0,5
p***n,钻石会员,买给外婆的，应该可以吧。,2018-03-09 22:13:45,0,0,5
jd_151325csc,铜牌会员,不错的宝贝，闺女很是喜欢,2018-03-08 18:29:08,0,0,5
7***锐,钻石会员,一直在京东，正品值得信赖,2018-03-07 21:04:31,0,0,5
1***p,铜牌会员,小巧精致，耐用，续航给力,2018-03-07 12:14:10,0,0,5
j***w,银牌会员,做工不错，当备用机可以的,2018-03-07 13:47:43,0,0,5
冰***儿,银牌会员,诺基亚，老品牌，挺好的。,2018-03-07 08:16:06,0,0,5
修***c,金牌会员,买给老人的礼物，挺喜欢的,2018-03-07 10:24:36,0,0,5
Q***4,银牌会员,很好用，买给奶奶的老人机,2018-03-06 17:10:27,0,0,5
西***人,钻石会员,非常好非常好非常好非常好,2018-03-09 05:32:06,0,0,5
西***人,钻石会员,非常好非常好非常好非常好,2018-03-09 05:31:45,0,0,5
q***7,金牌会员,卡漕比较难装、易松动、,2018-03-09 00:55:36,0,0,5
j***z,铜牌会员,轻巧，电池耐用，好评！,2018-03-08 22:42:03,0,0,5
我***8,金牌会员,还没使用，有点像模型机,2018-03-08 20:39:07,0,0,5
j***o,金牌会员,挺好，网孩子用，不怕上,2018-03-08 15:24:33,0,0,5
滴***萄,钻石会员,买来做备机，用着还行。,2018-03-08 13:34:15,0,0,5
以***x,钻石会员,买来给老人用的 很不错,2018-03-08 06:48:29,0,0,5
與狼共舞丶,钻石会员,可以，做备用机刚刚好。,2018-03-08 07:48:37,0,0,5
X***K,铜牌会员,物流不错，手机也不错。,2018-03-07 09:15:49,0,0,5
j***l,金牌会员,买给老人的，质量可靠，,2018-03-06 20:44:40,0,0,5
北***水,金牌会员,挺好的 做备用机完美,2018-03-09 14:29:53,0,0,5
j***u,金牌会员,手机很好用，双卡双待,2018-03-09 08:55:06,0,0,5
OsAVSbRgMPzV,银牌会员,还可以！好评，好评！,2018-03-09 10:27:02,0,0,5
j***n,银牌会员,经典手机了，不多说了,2018-03-09 08:54:07,0,0,5
j***w,PLUS会员,我妈妈很喜欢?,2018-03-08 00:20:03,0,0,5
j***u,银牌会员,小巧迷人，第一感挺好,2018-03-07 16:25:32,0,0,5
s***9,金牌会员,联通卡，用着信号不好,2018-03-07 10:31:16,0,0,5
I***G,铜牌会员,老人机很满意声音大,2018-03-09 23:07:03,0,0,5
j***.,铜牌会员,声音清晰，当备用机,2018-03-09 17:26:50,0,0,5
x***6,铜牌会员,给小孩用的，挺好！,2018-03-09 12:41:31,0,0,5
大***酷,铜牌会员,挺好，适合老年人用,2018-03-09 09:13:00,0,0,5
j***4,铜牌会员,非常好，非常喜欢',2018-03-09 18:37:07,0,0,5
j***7,银牌会员,还可以，先用用再说,2018-03-08 17:51:23,0,0,5
卓***廷,钻石会员,诺基亚一如既往的好,2018-03-08 20:16:25,0,0,5
j***e,银牌会员,赵不到以前的感觉了,2018-03-07 12:03:38,0,0,5
s***0,钻石会员,好好好。不错很喜欢,2018-03-06 20:59:35,0,0,5
w***5,金牌会员,小巧，学生用合适。,2018-03-06 19:39:20,0,0,5
袁***狂,银牌会员,小巧玲珑！挺方便的,2018-03-06 19:12:10,0,0,5
隆***部,钻石会员,还是一样的点好用,2018-03-09 14:01:52,0,0,5
j***k,金牌会员,小巧实用，不错。,2018-03-09 09:47:41,0,0,5
j***y,金牌会员,手机很不错挺适合,2018-03-08 20:20:05,0,0,5
j***b,金牌会员,不错   杠杠滴,2018-03-07 16:16:55,0,0,5
o***L,铜牌会员,还可以。用了在说,2018-03-07 15:43:12,0,0,5
I***r,银牌会员,还是熟悉的味道。,2018-03-07 16:14:28,0,0,5
j***c,银牌会员,妈妈说好用方便！,2018-03-07 12:42:06,0,0,5
s***g,PLUS会员,之前买过白色的…,2018-03-09 02:34:54,0,0,5
恰***然,PLUS会员,还不错，诺基亚,2018-03-08 10:11:30,0,0,5
j***7,PLUS会员,备用机完全够了,2018-03-07 00:08:18,0,0,5
q***v,银牌会员,大喜欢了，好评,2018-03-09 21:31:32,0,0,5
勇***待,钻石会员,一如既往的好。,2018-03-09 15:11:20,0,0,5
1***8,银牌会员,送货很快，好评,2018-03-09 08:26:07,0,0,5
a***6,金牌会员,经典的105。,2018-03-08 10:28:33,0,0,5
那***风,钻石会员,买来当备用机的,2018-03-06 21:50:10,0,0,5
D***f,金牌会员,不错不错真不错,2018-03-06 22:57:37,0,0,5
连***郡,银牌会员,手机还可以，只是这个系统实在不能忍，连最常用的快捷按键都无法设置，还有按键确实小，尤其是多合一的方向键不太好按,2018-03-07 20:53:09,0,0,4
1***p,PLUS会员,好用，特别轻,2018-03-08 15:35:50,0,0,5
安***y,PLUS会员,键盘小了点，,2018-03-07 22:20:42,0,0,5
常***新,PLUS会员,还可以吧,2018-03-09 18:09:07,0,0,5
j***q,PLUS会员,还不错哟,2018-03-07 17:45:12,0,0,5
消***云,金牌会员,"一星给送货的快递，京东的售后真心不错，2月18号开始，到现在，毫无进展。
这个诺基亚手机到手各种折腾，电话打不通，怀疑卡坏了，换新卡，当时测试又好了，回头，储藏室里没信号，别的任何手机都能有满信号，出来又好，手机不是玩具，玩人的玩具！！！整个过年我丈母娘大年初一到初三一个电话都没接到！！！我们电话找不到，只能人工找！！！",2018-03-05 23:31:56,1,2,1
Y***g,PLUS会员,给家里的老人买的，屏幕感觉有点小。老妈的旧手机还有用，现在还没有使用上,2018-03-07 08:30:27,0,0,4
c***x,金牌会员,挺好的。。。,2018-03-08 18:37:47,0,0,5
j***9,金牌会员,很好，很省电,2018-03-07 20:18:23,0,0,5
j***l,PLUS会员[试用],电量不行了。,2018-03-07 12:41:46,0,0,5
y***g,金牌会员,很好用哦,2018-03-08 19:25:55,0,0,5
